Parlementaire attributaire,Groupe politique,Chambre,Somme des subventions versées en 2013
Bernard Accoyer,UMP,Assemblée nationale,5537076
Gilles Carrez,UMP,Assemblée nationale,4652665
Gestion collective des sénateur SOC de la commission des finances,SOC,Sénat,3454588
Présidence de l'Assemblée nationale,,Assemblée nationale,2486000
Philippe Marini,UMP,Sénat,2158728
Gestion collective des sénateurs SOC de la commission des affaires étrangères,SOC,Sénat,1927235
Gérard Larcher,UMP,Sénat,1732099
Gestion collective des sénateurs SOC de la commission des lois,SOC,Sénat,1328862
Jean Arthuis,UDI,Sénat,1317579
Dotation institutionnelle,,Sénat,1304375
Gestion collective des sénateurs SOC de la commission des affaires éco,SOC,Sénat,1225941
Gestion collective des sénateurs SOC de la commission de la culture,SOC,Sénat,1221038
Christian Jacob,UMP,Assemblée nationale,1155705
Gestion collective des sénateurs SOC de la commission des affaires sociales,SOC,Sénat,1142593
Gestion collective des sénateurs SOC de la commission du développement durable,SOC,Sénat,1033338
Groupe SRC,SRC,Assemblée nationale,893850
Jean-Yves Cousin,UMP,Assemblée nationale,816862
Pierre Méhaignerie,UMP,Assemblée nationale,776981
Marc Laffineur,UMP,Assemblée nationale,641504
Christian Eckert,SRC,Assemblée nationale,637367
Jean Leonetti,UMP,Assemblée nationale,629441
Axel Poniatowski,UMP,Assemblée nationale,617773
SPILBAUER Jean-Pierre,,Assemblée nationale,593193
Jean-Vincent Placé,ECO,Sénat,565508
Hervé Mariton,UMP,Assemblée nationale,437874
Jérôme Chartier,UMP,Assemblée nationale,436415
Christian Poncelet,UMP,Sénat,435985
Philippe Vigier,UDI,Assemblée nationale,433027
Claude Belot,UMP,Sénat,402444
François Rebsamen,SOC,Sénat,401697
Camille de Rocca Serra,UMP,Assemblée nationale,400976
Xavier Bertrand,UMP,Assemblée nationale,400483
Bernard Deflesselles,UMP,Assemblée nationale,391471
Olivier Carré,UMP,Assemblée nationale,384917
Raymonde Le Texier,SOCV,Sénat,384087
Annie Jarraud-Vergnolle,SOCV,Sénat,379893
Patrick Ollier,UMP,Assemblée nationale,379268
Richard Dell'Agnola,UMP,Assemblée nationale,374703
Philippe Gosselin,UMP,Assemblée nationale,367975
Jean-Marc Ayrault,SRC,Assemblée nationale,367596
Marc Le Fur,UMP,Assemblée nationale,363236
Jérôme Cahuzac,SRC,Assemblée nationale,361375
Philippe Adnot,NI,Sénat,351472
Patrice Martin-Lalande,UMP,Assemblée nationale,346574
Brigitte Gonthier-Maurin,CRC,Sénat,338046
Gérard Cherpion,UMP,Assemblée nationale,330636
Jean-François Mancel,UMP,Assemblée nationale,323902
Patrice Calméjane,UMP,Assemblée nationale,320413
Patrick Beaudouin,UMP,Assemblée nationale,312832
Joël Bourdin,UMP,Sénat,310843
Olivier Dassault,UMP,Assemblée nationale,307481
Jacques Pélissard,UMP,Assemblée nationale,303062
Michèle Tabarot,UMP,Assemblée nationale,298740
Jean-Jacques Guillet,UMP,Assemblée nationale,294032
Thierry Foucaud,CRC,Sénat,293330
François Zocchetto,UDI,Sénat,292563
Yvon Collin,RDSE,Sénat,287088
Pierre Lequiller,UMP,Assemblée nationale,286070
Michel Doublet,UMP,Sénat,285200
Alain Joyandet,UMP,Assemblée nationale,284135
Alain Marleix,UMP,Assemblée nationale,283915
Marie-Noëlle Battistel,SRC,Assemblée nationale,283699
Groupe ECOLO,ECOLO,Assemblée nationale,282500
Nicolas Forissier,UMP,Assemblée nationale,280543
Guy Fischer,CRC,Sénat,279061
Jean-Claude Peyronnet,SOC,Sénat,278987
Bernard Reynès,UMP,Assemblée nationale,276047
Michel Herbillon,UMP,Assemblée nationale,273617
Marc Francina,UMP,Assemblée nationale,268690
Pierre Lang,UMP,Assemblée nationale,265230
Georges Colombier,UMP,Assemblée nationale,265080
François Trucy,UMP,Sénat,264083
Yves Deniaud,UMP,Assemblée nationale,262487
Jean-Claude Mathis,UMP,Assemblée nationale,260949
Hervé Novelli,UMP,Assemblée nationale,260302
Bruno Le Roux,SRC,Assemblée nationale,260000
Philippe Briand,UMP,Assemblée nationale,259055
François Goulard,UMP,Assemblée nationale,251286
Alfred Almont,UMP,Assemblée nationale,250019
René Couanau,NI,Assemblée nationale,249564
Charles Guené,UMP,Sénat,247287
Serge Poignant,UMP,Assemblée nationale,246426
Henri Emmanuelli,SRC,Assemblée nationale,241026
Yves Censi,UMP,Assemblée nationale,238445
Georges Ginesta,UMP,Assemblée nationale,238443
Philippe Meunier,UMP,Assemblée nationale,234975
Jean-Christophe Lagarde,UDI,Assemblée nationale,229500
Serge Grouard,UMP,Assemblée nationale,229404
Marie-Jo Zimmermann,UMP,Assemblée nationale,228791
Pierre Fauchon,UC,Sénat,226859
François Bayrou,NI,Assemblée nationale,225948
René Garrec,UMP,Sénat,225832
Jean-Pierre Nicolas,UMP,Assemblée nationale,225130
Élie Aboud,UMP,Assemblée nationale,222971
Jean-Patrick Courtois,UMP,Sénat,222335
Bertrand Auban,SOC,Sénat,221671
Laurent Wauquiez,UMP,Assemblée nationale,221396
Bernard Brochand,UMP,Assemblée nationale,221098
Yves Fromion,UMP,Assemblée nationale,220547
Charles de Courson,UDI,Assemblée nationale,220487
Hubert Falco,UMP,Sénat,219297
Sauveur Gandolfi-Scheit,UMP,Assemblée nationale,218825
Rémi Delatte,UMP,Assemblée nationale,218792
Jacques Legendre,UMP,Sénat,215070
Michel Piron,UDI,Assemblée nationale,211891
Béatrice Pavy,UMP,Assemblée nationale,211688
Roger Romani,UMP,Sénat,211576
Jean-Pierre Giran,UMP,Assemblée nationale,211500
Jacqueline Gourault,UDI,Sénat,210753
Isabelle Vasseur,UMP,Assemblée nationale,210585
Jean-Marc Lefranc,UMP,Assemblée nationale,210360
Jean Bizet,UMP,Sénat,208240
Laurent Fabius,SRC,Assemblée nationale,208052
Catherine Vautrin,UMP,Assemblée nationale,206454
Daniel Garrigue,NI,Assemblée nationale,206149
Laurent Hénart,UMP,Assemblée nationale,205181
Daniel Mach,UMP,Assemblée nationale,204975
Catherine Procaccia,UMP,Sénat,204487
André Dulait,UMP,Sénat,203621
François Fortassin,RDSE,Sénat,203315
Jean Launay,SRC,Assemblée nationale,201672
Jean-Pierre Schosteck,UMP,Assemblée nationale,200892
Marie-Josée Roig,UMP,Assemblée nationale,200838
Céleste Lett,UMP,Assemblée nationale,200655
Roland du Luart,UMP,Sénat,200320
Patrick Bloche,SRC,Assemblée nationale,200000
Michel Bécot,UMP,Sénat,200000
Jean-Claude Frécon,SOC,Sénat,198642
Dominique de Legge,UMP,Sénat,197773
Alain Marty,UMP,Assemblée nationale,197391
Gérard César,UMP,Sénat,196734
Jean-Marc Roubaud,UMP,Assemblée nationale,194794
Jean-Marie Vanlerenberghe,UDI,Sénat,194292
Jean Ueberschlag,UMP,Assemblée nationale,193573
Jean-Claude Carle,UMP,Sénat,192034
Francis Grignon,UMP,Sénat,191644
Jean-Luc Préel,NC,Assemblée nationale,191359
Philippe Houillon,UMP,Assemblée nationale,191182
Jean-Marie Rolland,UMP,Assemblée nationale,190992
Yannick Favennec,UDI,Assemblée nationale,190544
Antoine Lefèvre,UMP,Sénat,188453
Sylvie Goy-Chavent,UDI,Sénat,187311
David Habib,SRC,Assemblée nationale,187290
Marie-France Beaufils,CRC,Sénat,187049
Edmond Hervé,SOC,Sénat,185709
Hugues Portelli,UMP,Sénat,184914
Bruno Bourg-Broc,UMP,Assemblée nationale,184416
Ladislas Poniatowski,UMP,Sénat,184088
Jean-Léonce Dupont,UDI,Sénat,183349
Yves Krattinger,SOC,Sénat,182373
Charles de La Verpillière,UMP,Assemblée nationale,182309
Alain Gest,UMP,Assemblée nationale,182094
Brigitte Barèges,UMP,Assemblée nationale,181735
Jean-Claude Merceron,UDI,Sénat,181687
Jean-Luc Warsmann,UMP,Assemblée nationale,181468
Auguste Cazalet,UMP,Sénat,179753
NACHBAR Philippe,11ème législature (2002-2007),Assemblée nationale,179705
Jean Louis Masson,NI,Sénat,179151
Philippe Darniche,NI,Sénat,178911
Didier Migaud,SRC,Assemblée nationale,178863
Serge Dassault,UMP,Sénat,178455
Michel Bouvard,UMP,Assemblée nationale,178207
Jean-Pierre Grand,UMP,Assemblée nationale,175976
Daniel Fasquelle,UMP,Assemblée nationale,175914
Didier Gonzales,UMP,Assemblée nationale,175661
Bernard Depierre,UMP,Assemblée nationale,175599
Michèle André,SOC,Sénat,173584
Guy Teissier,UMP,Assemblée nationale,172692
François Scellier,UMP,Assemblée nationale,172597
Pierre Jarlier,UDI,Sénat,172327
Bernard Saugey,UMP,Sénat,171837
Jean-Claude Gouget,SRC,Assemblée nationale,171000
Marie-Louise Fort,UMP,Assemblée nationale,170905
Denis Baupin,ECOLO,Assemblée nationale,170500
Daniel Spagnou,UMP,Assemblée nationale,170296
Aymeri de Montesquiou,UDI,Sénat,170044
Annick Girardin,NI,Assemblée nationale,170000
Albéric de Montgolfier,UMP,Sénat,169864
Thierry Benoit,UDI,Assemblée nationale,168852
Michel Diefenbacher,UMP,Assemblée nationale,168631
Bernard Perrut,UMP,Assemblée nationale,168427
Patrice Verchère,UMP,Assemblée nationale,168144
Jean-Louis Léonard,UMP,Assemblée nationale,166849
Thierry Mariani,UMP,Assemblée nationale,166492
Hervé Maurey,UDI,Sénat,165961
Jean-Pierre Vial,UMP,Sénat,165554
Nicolas Dhuicq,UMP,Assemblée nationale,163947
Charles Revet,UMP,Sénat,162222
Rémy Pointereau,UMP,Sénat,161366
Jean-François Voguet,CRC,Sénat,161341
Daniel Soulage,UC,Sénat,160557
Sandrine Mazetier,SRC,Assemblée nationale,160000
Claude Birraux,UMP,Assemblée nationale,159591
Marie-Hélène Des Esgaulx,UMP,Sénat,158672
Pierre Martin,UMP,Sénat,157789
Alain Claeys,SRC,Assemblée nationale,157254
Gérard Dériot,UMP,Sénat,156696
Bruno Retailleau,UMP,Sénat,156439
Hervé de Charette,NC,Assemblée nationale,156429
Gisèle Gautier,UMP,Sénat,156421
Jean-Jacques Gaultier,UMP,Assemblée nationale,155813
Daniel Poulou,UMP,Assemblée nationale,155477
Christian Cambon,UMP,Sénat,155358
Christian Kert,UMP,Assemblée nationale,155227
Marianne Dubois,UMP,Assemblée nationale,154997
Annie David,CRC,Sénat,154405
Daniel Dubois,UDI,Sénat,153952
Jean-Paul Chanteguet,SRC,Assemblée nationale,153947
Jean-Paul Amoudry,UDI,Sénat,152562
François de Rugy,ECOLO,Assemblée nationale,152500
Philippe Leroy,UMP,Sénat,152296
Philippe Paul,UMP,Sénat,152104
Pierre Morel-A-L'Huissier,UMP,Assemblée nationale,151967
Sonia Lagarde,UDI,Assemblée nationale,151014
Yann Gaillard,UMP,Sénat,150476
Chantal Brunel,UMP,Assemblée nationale,150110
Catherine Morin-Desailly,UDI,Sénat,149934
Jean-Pierre Raffarin,UMP,Sénat,149507
Jacques Gautier,UMP,Sénat,148445
Yves Nicolin,UMP,Assemblée nationale,148386
Jean-Marc Nesme,UMP,Assemblée nationale,148242
Guénhaël Huet,UMP,Assemblée nationale,148210
Philippe Doucet,SRC,Assemblée nationale,147500
Alain Vasselle,UMP,Sénat,147437
Monique Papon,UMP,Sénat,146790
Jean-Marc Pastor,SOC,Sénat,145862
Catherine Troendle,UMP,Sénat,145292
Chantal Jouanno,UDI,Sénat,145000
Jérôme Bignon,UMP,Assemblée nationale,144173
Jean-Pierre Balligand,SRC,Assemblée nationale,144145
Pierre Morange,UMP,Assemblée nationale,144000
François Hollande,SRC,Assemblée nationale,143669
Stéphane Demilly,UDI,Assemblée nationale,143499
Pierre André,UMP,Sénat,142712
Philippe Armand Martin,UMP,Assemblée nationale,142604
Pierre-Alain Muet,SRC,Assemblée nationale,142365
Alain Houpert,UMP,Sénat,141006
Richard Yung,SOC,Sénat,140000
Jean-Yves Leconte,SOC,Sénat,140000
Christophe-André Frassa,UMP,Sénat,140000
Claudine Lepage,SOC,Sénat,139994
Laurence Dumont,SRC,Assemblée nationale,139719
André Trillard,UMP,Sénat,139633
Bérengère Poletti,UMP,Assemblée nationale,139246
Dominique Caillaud,UMP,Assemblée nationale,139194
Bernard Angels,SOCV,Sénat,138810
Yves Jégo,UDI,Assemblée nationale,138657
Pierre Bernard-Reymond,NI,Sénat,138280
Jean-Pierre Demerliat,SOC,Sénat,137957
Patrick Balkany,UMP,Assemblée nationale,136482
Thierry Carcenac,SRC,Assemblée nationale,134722
Michel Sordi,UMP,Assemblée nationale,133460
Jean-Paul Emorine,UMP,Sénat,133313
Jean Grenet,UMP,Assemblée nationale,133188
Didier Quentin,UMP,Assemblée nationale,131045
Luce Pane,SRC,Assemblée nationale,131000
Franck Marlin,UMP,Assemblée nationale,130863
Damien Meslot,UMP,Assemblée nationale,130700
Xavier Pintat,UMP,Sénat,130197
Yves Blein,SRC,Assemblée nationale,130000
Vincent Feltesse,SRC,Assemblée nationale,130000
Sylvie Andrieux,NI,Assemblée nationale,130000
René Rouquet,SRC,Assemblée nationale,130000
Pouria Amirshahi,SRC,Assemblée nationale,130000
Pierre Charon,UMP,Sénat,130000
Philip Cordery,SRC,Assemblée nationale,130000
Pascal Cherki,SRC,Assemblée nationale,130000
Martine Martinel,SRC,Assemblée nationale,130000
Louis Duvernois,UMP,Sénat,130000
Joëlle Garriaud-Maylam,UMP,Sénat,130000
Jean-Louis Gagnaire,SRC,Assemblée nationale,130000
Jean-Jacques Jégou,UC,Sénat,130000
Jean-Christophe Cambadélis,SRC,Assemblée nationale,130000
Jean Jacques Vlody,SRC,Assemblée nationale,130000
Hervé Pellois,SRC,Assemblée nationale,130000
Fanélie Carrey-Conte,SRC,Assemblée nationale,130000
Corinne Narassiguin,SRC,Assemblée nationale,130000
Christophe Caresche,SRC,Assemblée nationale,130000
Armand Jung,SRC,Assemblée nationale,130000
Alain Rousset,SRC,Assemblée nationale,130000
Daphna Poznanski-Benhamou,SRC,Assemblée nationale,129870
Nicole Ameline,UMP,Assemblée nationale,129752
Didier Julia,UMP,Assemblée nationale,129538
Marc Massion,SOC,Sénat,129028
Françoise Branget,UMP,Assemblée nationale,128759
Alain Bertrand,RDSE,Sénat,128307
Jean-François Mayet,UMP,Sénat,128002
André Ferrand,UMP,Sénat,128000
Raymond Couderc,UMP,Sénat,127967
François Cornut-Gentille,UMP,Assemblée nationale,126754
Michel Houel,UMP,Sénat,126706
Michelle Demessine,CRC,Sénat,126569
Jonas Tahuaitu,UDI,Assemblée nationale,126027
Philippe Dominati,UMP,Sénat,126000
Avi Assouly,SRC,Assemblée nationale,126000
Philippe Gomes,UDI,Assemblée nationale,125700
Gérard Cornu,UMP,Sénat,125690
Jean-Michel Baylet,RDSE,Sénat,125544
Nicole Borvo Cohen-Seat,CRC,Sénat,125314
François-Michel Gonnot,UMP,Assemblée nationale,125147
Robert del Picchia,UMP,Sénat,125000
Benoît Huré,UMP,Sénat,124992
Martial Saddier,UMP,Assemblée nationale,124968
Patrice Gélard,UMP,Sénat,124503
Alain Bocquet,GDR,Assemblée nationale,124485
Robert Lecou,UMP,Assemblée nationale,124245
Henri Jibrayel,SRC,Assemblée nationale,124000
Christian Favier,CRC,Sénat,123821
Michel Raison,UMP,Assemblée nationale,122738
Jean-Pierre Decool,UMP,Assemblée nationale,122707
Michel Moreigne,SOCV,Sénat,122659
Pierre-Yves Le Borgn',SRC,Assemblée nationale,122610
Jean Desessard,ECO,Sénat,122000
Jean-Pierre Gorges,UMP,Assemblée nationale,121832
Jean-Pierre Plancade,RDSE,Sénat,121589
André Wojciechowski,UMP,Assemblée nationale,121132
Éric Straumann,UMP,Assemblée nationale,121033
Ambroise Dupont,UMP,Sénat,120550
Paul Durieu,UMP,Assemblée nationale,120093
Sergio Coronado,ECOLO,Assemblée nationale,120000
Leila Aïchi,ECO,Sénat,120000
Aline Archimbaud,ECO,Sénat,120000
Jean-Claude Flory,UMP,Assemblée nationale,119679
Alain Chatillon,UMP,Sénat,119598
François Sauvadet,UDI,Assemblée nationale,119161
Jean-René Lecerf,UMP,Sénat,118667
Louis Pinton,UMP,Sénat,118504
Dino Cinieri,UMP,Assemblée nationale,118335
Jean-Patrick Gille,SRC,Assemblée nationale,118000
Jean-François Chossy,UMP,Assemblée nationale,117699
Catherine Tasca,SOC,Sénat,117553
François Pillet,UMP,Sénat,116761
Jean-Louis Touraine,SRC,Assemblée nationale,116000
Gérard Hamel,UMP,Assemblée nationale,115719
Joseph Kergueris,UC,Sénat,115463
Jean Dionis du Séjour,NC,Assemblée nationale,115146
Christiane Hummel,UMP,Sénat,115039
Thierry Braillard,RRDP,Assemblée nationale,115000
Philippe Bies,SRC,Assemblée nationale,115000
Eva Sas,ECOLO,Assemblée nationale,114600
Jean-Pierre Dupont,UMP,Assemblée nationale,114304
Arlette Grosskost,UMP,Assemblée nationale,114182
DEBRE Jean-Louis,11ème législature (2002-2007),Assemblée nationale,114049
Hélène Geoffroy,SRC,Assemblée nationale,114000
Catherine Lemorton,SRC,Assemblée nationale,114000
Bernard Frimat,SOCV,Sénat,113219
Patrick Mennucci,SRC,Assemblée nationale,113000
Arnaud Leroy,SRC,Assemblée nationale,113000
Thierry Lazaro,UMP,Assemblée nationale,112866
Guy Malherbe,UMP,Assemblée nationale,112757
Dominique Tian,UMP,Assemblée nationale,112509
Razzy Hammadi,SRC,Assemblée nationale,112000
Frédérique Massat,SRC,Assemblée nationale,111944
Catherine Quéré,SRC,Assemblée nationale,111343
Franck Riester,UMP,Assemblée nationale,111265
Pierre Lasbordes,UMP,Assemblée nationale,111076
Yves Pozzo di Borgo,UDI,Sénat,111000
Philippe Boënnec,UMP,Assemblée nationale,110686
Jean-Louis Christ,UMP,Assemblée nationale,110561
Daniel Gibbes,UMP,Assemblée nationale,110000
Christiane Kammermann,UMP,Sénat,110000
Bernard Roman,SRC,Assemblée nationale,110000
Bernard Debré,UMP,Assemblée nationale,109903
Mireille Schurch,CRC,Sénat,109751
Gérard Voisin,UMP,Assemblée nationale,109604
Alain Moyne-Bressand,UMP,Assemblée nationale,109230
Alain Milon,UMP,Sénat,109101
Laurent Cathala,SRC,Assemblée nationale,109007
Jean-Paul Anciaux,UMP,Assemblée nationale,108711
Germinal Peiro,SRC,Assemblée nationale,108394
Yves Albarello,UMP,Assemblée nationale,108328
Pierre Hérisson,UMP,Sénat,108253
Roland Blum,UMP,Assemblée nationale,108239
Laurence Abeille,ECOLO,Assemblée nationale,108000
Christophe Guilloteau,UMP,Assemblée nationale,107791
Louis Giscard d'Estaing,UMP,Assemblée nationale,107653
Jean-Marie Sermier,UMP,Assemblée nationale,107554
Nicolas Alfonsi,RDSE,Sénat,107372
François de Mazières,UMP,Assemblée nationale,107000
Gilles Bourdouleix,NI,Assemblée nationale,106779
Christophe Priou,UMP,Assemblée nationale,106701
Christophe Cavard,ECOLO,Assemblée nationale,106500
Éric Woerth,UMP,Assemblée nationale,106462
Gérard Le Cam,CRC,Sénat,106272
Jean-Louis Dumont,SRC,Assemblée nationale,106133
Jean-Marc Juilhard,UMP,Sénat,105670
François Calvet,UMP,Assemblée nationale,105660
Marc Laménie,UMP,Sénat,105598
Marie-Thérèse Bruguière,UMP,Sénat,105189
Marcel-Pierre Cléach,UMP,Sénat,105077
Jack Ralite,CRC,Sénat,104954
Patricia Adam,SRC,Assemblée nationale,104901
Hélène Lipietz,ECO,Sénat,104800
Dominique Bussereau,UMP,Assemblée nationale,104688
Paul Jeanneteau,UMP,Assemblée nationale,104587
Anne-Yvonne Le Dain,SRC,Assemblée nationale,104500
Nathalie Goulet,UDI,Sénat,104454
Jean Proriol,UMP,Assemblée nationale,104391
Antoine Herth,UMP,Assemblée nationale,104159
Geneviève Gaillard,SRC,Assemblée nationale,104139
Jean-Jacques Candelier,GDR,Assemblée nationale,104073
André Gattolin,ECO,Sénat,104000
Jean-Marie Binetruy,UMP,Assemblée nationale,103986
Jackie Pierre,UMP,Sénat,103654
André Schneider,UMP,Assemblée nationale,103500
Philippe Vitel,UMP,Assemblée nationale,103000
François Fillon,UMP,Assemblée nationale,103000
Jacques Lamblin,UMP,Assemblée nationale,102710
André Flajolet,UMP,Assemblée nationale,102492
Guy Geoffroy,UMP,Assemblée nationale,102359
Max Roustan,UMP,Assemblée nationale,102031
Geneviève Levy,UMP,Assemblée nationale,102000
Alain Ferry,UMP,Assemblée nationale,101927
Jérôme Lambert,RRDP,Assemblée nationale,101541
Françoise Henneron,UMP,Sénat,101227
Jean-Pierre Maggi,SRC,Assemblée nationale,101000
François Loos,UMP,Assemblée nationale,100875
Christian Estrosi,UMP,Assemblée nationale,100360
Bernard Fournier,UMP,Sénat,100328
Hervé Morin,UDI,Assemblée nationale,100221
Denis Badré,UC,Sénat,100063
Maryse Joissains-Masini,UMP,Assemblée nationale,100000
Josiane Mathon-Poinat,CRC,Sénat,100000
Francis Giraud,UMP,Sénat,100000
Christian Cointat,UMP,Sénat,100000
Robert Laufoaulu,UMP,Sénat,99990
Michel Heinrich,UMP,Assemblée nationale,99788
Franck Reynier,UDI,Assemblée nationale,99599
Malek Boutih,SRC,Assemblée nationale,99303
Marc Joulaud,UMP,Assemblée nationale,99298
André Santini,UDI,Assemblée nationale,99000
Claude Gatignol,UMP,Assemblée nationale,98956
François-Noël Buffet,UMP,Sénat,98770
Yves Détraigne,UDI,Sénat,98476
Kalliopi Ango Ela,ECO,Sénat,98450
Michel Terrot,UMP,Assemblée nationale,98000
Alain Marsaud,UMP,Assemblée nationale,98000
Thierry Solère,UMP,Assemblée nationale,97500
Jean-Claude Guibal,UMP,Assemblée nationale,97478
Maurice Leroy,UDI,Assemblée nationale,96777
Jean-Marc Todeschini,SOC,Sénat,96583
Jean-Pierre Masseret,SOC,Sénat,96468
Joël Billard,UMP,Sénat,96384
Philippe Dallier,UMP,Sénat,96138
Françoise Descamps-Crosnier,SRC,Assemblée nationale,96000
Évelyne Didier,CRC,Sénat,95977
Muguette Dini,UDI,Sénat,95884
Gérard Bailly,UMP,Sénat,95850
Dominique Dord,UMP,Assemblée nationale,95788
Marcel Rogemont,SRC,Assemblée nationale,95582
Jean-François Lamour,UMP,Assemblée nationale,95500
Michel Rossi,UMP,Assemblée nationale,95486
Daniel Laurent,UMP,Sénat,95361
Marie-Hélène Thoraval,UMP,Assemblée nationale,95232
Marie-Christine Dalloz,UMP,Assemblée nationale,95050
Odette Terrade,CRC,Sénat,95000
Daniel Vaillant,SRC,Assemblée nationale,95000
Gilbert Barbier,RDSE,Sénat,94871
Jean-Claude Bouchet,UMP,Assemblée nationale,94836
Claude Haut,SOC,Sénat,94426
Fernand Siré,UMP,Assemblée nationale,94423
Jean-Claude Gaudin,UMP,Sénat,94165
Georges Fenech,UMP,Assemblée nationale,94000
Barbara Pompili,ECOLO,Assemblée nationale,93700
Fabienne Keller,UMP,Sénat,93670
Marie-Odile Bouillé,SRC,Assemblée nationale,93630
Robert Tropeano,RDSE,Sénat,93296
Lucien Degauchy,UMP,Assemblée nationale,93238
Jean-Charles Taugourdeau,UMP,Assemblée nationale,92582
Geneviève Colot,UMP,Assemblée nationale,92421
François Calvet,UMP,Sénat,92339
Bernard Gérard,UMP,Assemblée nationale,92104
Pascale Gruny,UMP,Assemblée nationale,91984
André Chassaigne,GDR,Assemblée nationale,91983
Michel Voisin,UMP,Assemblée nationale,91267
Hervé Marseille,UDI,Sénat,91211
Anne Grommerch,UMP,Assemblée nationale,91180
Daniel Marsin,RDSE,Sénat,91127
Jean-François Humbert,UMP,Sénat,91084
Jean-Paul Alduy,UMP,Sénat,90831
Jean-Paul Fournier,UMP,Sénat,90442
Jean-François Husson,UMP,Sénat,90360
Caroline Cayeux,UMP,Sénat,90275
Franck Gilard,UMP,Assemblée nationale,90191
Pierre Laurent,CRC,Sénat,90000
Michel Magras,UMP,Sénat,90000
Jean-Jacques Bridey,SRC,Assemblée nationale,90000
Bariza Khiari,SOC,Sénat,90000
Étienne Blanc,UMP,Assemblée nationale,89753
Pierre Lellouche,UMP,Assemblée nationale,89500
Véronique Massonneau,ECOLO,Assemblée nationale,89300
Édouard Courtial,UMP,Assemblée nationale,89057
Jean-Yves Le Bouillonnec,SRC,Assemblée nationale,89031
Sylvia Bassot,UMP,Assemblée nationale,88893
Loïc Bouvard,UMP,Assemblée nationale,88886
Gérard Lorgeoux,UMP,Assemblée nationale,88766
Patrick Labaune,UMP,Assemblée nationale,88449
Éric Ciotti,UMP,Assemblée nationale,88200
Pascal Deguilhem,SRC,Assemblée nationale,87009
Sylvain Berrios,UMP,Assemblée nationale,87000
Seybah Dagoma,SRC,Assemblée nationale,87000
Pascale Crozon,SRC,Assemblée nationale,87000
Ericka Bareigts,SRC,Assemblée nationale,87000
Sébastien Huyghe,UMP,Assemblée nationale,86865
Hervé Féron,SRC,Assemblée nationale,86691
Jacqueline Irles,UMP,Assemblée nationale,86681
Robert Hue,RDSE,Sénat,86566
Louis Cosyns,UMP,Assemblée nationale,86490
Raymond Vall,RDSE,Sénat,86352
Michel Billout,CRC,Sénat,86050
Marisol Touraine,SRC,Assemblée nationale,86002
Gérard Miquel,SOC,Sénat,85978
Claude Goasguen,UMP,Assemblée nationale,85500
Bernard Seillier,RDSE,Sénat,85424
Isabelle Le Callennec,UMP,Assemblée nationale,85415
Gérard Charasse,RRDP,Assemblée nationale,85410
Colette Mélot,UMP,Sénat,85035
Robert Bret,CRC,Sénat,85000
Jean-Pierre Chevènement,RDSE,Sénat,84929
Jean-Paul Tuaiva,UDI,Assemblée nationale,84928
Xavier Breton,UMP,Assemblée nationale,84655
Michel Vauzelle,SRC,Assemblée nationale,84230
Marcel Deneux,UDI,Sénat,84060
Michel Grall,UMP,Assemblée nationale,83882
Alain Cousin,UMP,Assemblée nationale,83553
Jacques Desallangre,NI,Assemblée nationale,83339
Brigitte Bout,UMP,Sénat,83256
Rudy Salles,UDI,Assemblée nationale,83187
Nicolas Perruchot,NC,Assemblée nationale,83063
Jean-Michel Couve,UMP,Assemblée nationale,82924
Dominique Nachury,UMP,Assemblée nationale,82800
René Trégouët,UMP,Sénat,82743
Philippe Goujon,UMP,Assemblée nationale,82500
Jean-Pierre Door,UMP,Assemblée nationale,82026
Éric Jalton,SRC,Assemblée nationale,82000
Denis Jacquat,UMP,Assemblée nationale,81750
Élisabeth Lamure,UMP,Sénat,81550
François-Xavier Villain,UDI,Assemblée nationale,81450
René-Paul Savary,UMP,Sénat,81336
Lionel Tardy,UMP,Assemblée nationale,81000
François Rochebloine,UDI,Assemblée nationale,81000
Jacques Blanc,UMP,Sénat,80818
Jean-Louis Roumegas,ECOLO,Assemblée nationale,80800
Alain Marc,UMP,Assemblée nationale,80656
Bruno Sido,UMP,Sénat,80181
Michel Mercier,UDI,Sénat,80177
Laurence Cohen,CRC,Sénat,80000
Jacques Kossowski,UMP,Assemblée nationale,80000
Christian Hutin,SRC,Assemblée nationale,80000
Jean-Pierre Marcon,UMP,Assemblée nationale,79761
Laure de La Raudière,UMP,Assemblée nationale,79360
Michel Charasse,RDSE,Sénat,79257
Gabrielle Louis-Carabin,SRC,Assemblée nationale,79215
Valérie Pecresse,UMP,Assemblée nationale,79000
Jean-Pierre Abelin,NC,Assemblée nationale,78794
Claude Domeizel,SOC,Sénat,78519
Véronique Besse,NI,Assemblée nationale,78378
René-Pierre Signé,SOCV,Sénat,78312
Marie-George Buffet,GDR,Assemblée nationale,78250
Claude Bartolone,SRC,Assemblée nationale,78220
Marie-Christine Blandin,ECO,Sénat,78000
Émile Blessig,UMP,Assemblée nationale,77881
Jean-Paul Garraud,UMP,Assemblée nationale,77716
André Reichardt,UMP,Sénat,77315
Janine Rozier,UMP,Sénat,77108
Hubert Haenel,UMP,Sénat,76955
Luc Chatel,UMP,Assemblée nationale,76751
Jean-Luc Drapeau,SRC,Assemblée nationale,76217
Jean Boyer,UDI,Sénat,76207
Éric Alauzet,ECOLO,Assemblée nationale,75825
CABAL Christian,11ème législature (2002-2007),Assemblée nationale,75547
Jean-Jacques Hyest,UMP,Sénat,75214
Françoise Guégot,UMP,Assemblée nationale,74715
Michel Vergnier,SRC,Assemblée nationale,74664
Jean Glavany,SRC,Assemblée nationale,74663
Michel Lejeune,UMP,Assemblée nationale,74441
Marcel Bonnot,UMP,Assemblée nationale,73929
René Beaumont,UMP,Sénat,73921
Claude Greff,UMP,Assemblée nationale,73465
Marguerite Lamour,UMP,Assemblée nationale,73403
Françoise Laborde,RDSE,Sénat,73307
Philippe Cochet,UMP,Assemblée nationale,73173
Alain Fouché,UMP,Sénat,72852
Jean Faure,UMP,Sénat,72843
Jean-Pierre Bel,SOC,Sénat,72632
Julien Aubert,UMP,Assemblée nationale,72500
Jacques Valax,SRC,Assemblée nationale,72472
Michel Liebgott,SRC,Assemblée nationale,72349
Jean-Pierre Soisson,UMP,Assemblée nationale,71687
Sylvie Desmarescaux,NI,Sénat,71610
Gérard Longuet,UMP,Sénat,71492
Pierre Bordier,UMP,Sénat,71439
Jean-François Le Grand,NI,Sénat,71336
Françoise Imbert,SRC,Assemblée nationale,71015
Marc Dolez,GDR,Assemblée nationale,70923
Florence Delaunay,SRC,Assemblée nationale,70866
Marc Bernier,UMP,Assemblée nationale,70832
Jean-Claude Lenoir,UMP,Assemblée nationale,70782
Éliane Assassi,CRC,Sénat,70369
Jacques Mézard,RDSE,Sénat,70275
Jean-Pierre Cantegrit,UMP,Sénat,70000
Jean-Pierre Caffet,SOC,Sénat,70000
Jean-Philippe Mallé,SRC,Assemblée nationale,70000
Jean-François Copé,UMP,Assemblée nationale,70000
Danièle Hoffman-Rispal,SRC,Assemblée nationale,70000
Esther Sittler,UMP,Sénat,69966
André Villiers,UMP,Sénat,69660
Claude Leteurtre,NC,Assemblée nationale,69590
Jean-Michel Ferrand,UMP,Assemblée nationale,69535
Laurent Béteille,UMP,Sénat,69342
Vincent Delahaye,UDI,Sénat,68956
Alain Fauré,SRC,Assemblée nationale,68658
Raymond Lancelin,UMP,Assemblée nationale,68628
Jean-Luc Reitzer,UMP,Assemblée nationale,68577
François Vannson,UMP,Assemblée nationale,68452
Colette Giudicelli,UMP,Sénat,68294
Michel Pouzol,SRC,Assemblée nationale,68246
Michèle Fournier-Armand,SRC,Assemblée nationale,68000
Michel Destot,SRC,Assemblée nationale,68000
Gilles d' Gilles d'Ettore,UMP,Assemblée nationale,67834
Gérard Roche,UDI,Sénat,67166
Sophie Dion,UMP,Assemblée nationale,67100
Esther Benbassa,ECO,Sénat,67000
Annick Lepetit,SRC,Assemblée nationale,67000
Christian Namy,UDI,Sénat,66945
Roger Karoutchi,UMP,Sénat,66839
François Autain,CRC,Sénat,66750
Pierre Frogier,UMP,Sénat,66600
Daniel Fidelin,UMP,Assemblée nationale,66247
Jean-Louis Borloo,UDI,Assemblée nationale,66171
Martine Carrillon-Couvreur,SRC,Assemblée nationale,66165
Christian Ménard,UMP,Assemblée nationale,65904
Noël Mamère,ECOLO,Assemblée nationale,65773
Michel Savin,UMP,Sénat,65702
Michèle Bonneton,ECOLO,Assemblée nationale,65546
Patrick Lemasle,SRC,Assemblée nationale,65238
Natacha Bouchart,UMP,Sénat,65000
Monique Orphé,SRC,Assemblée nationale,65000
Hervé Gaymard,UMP,Assemblée nationale,65000
Gwendal Rouillard,SRC,Assemblée nationale,65000
Alain Gournac,UMP,Sénat,64887
Bernard Vera,CRC,Sénat,64797
Jacques Le Nay,UMP,Assemblée nationale,64540
Pierre Moscovici,SRC,Assemblée nationale,64247
Adrien Gouteyron,UMP,Sénat,64214
Alex Türk,NI,Sénat,64101
Marie-Annick Duchêne,UMP,Sénat,64000
Gérald Darmanin,UMP,Assemblée nationale,63800
Francis Saint-Léger,UMP,Assemblée nationale,63800
Lionnel Luca,UMP,Assemblée nationale,63782
Jean Puech,UMP,Sénat,63498
Jacques Cresta,SRC,Assemblée nationale,63367
Francis Hillmeyer,UDI,Assemblée nationale,63148
Sébastien Pietrasanta,SRC,Assemblée nationale,63000
Gérard Bapt,SRC,Assemblée nationale,63000
Pierre Forgues,SRC,Assemblée nationale,62832
Isabelle Pasquet,CRC,Sénat,62778
Joël Giraud,RRDP,Assemblée nationale,62499
Jean-Michel Villaumé,SRC,Assemblée nationale,62490
Jean-Yves Le Déaut,SRC,Assemblée nationale,62419
Jean-Claude Beaulieu,UMP,Assemblée nationale,62302
Brigitte Allain,ECOLO,Assemblée nationale,61500
Valérie Boyer,UMP,Assemblée nationale,61377
Philippe Plisson,SRC,Assemblée nationale,61317
Christophe Léonard,SRC,Assemblée nationale,61100
Josselin de Rohan,UMP,Sénat,61059
Jean-Claude Fruteau,SRC,Assemblée nationale,61000
Damien Abad,UMP,Assemblée nationale,60700
André Gerin,GDR,Assemblée nationale,60624
Christophe Sirugue,SRC,Assemblée nationale,60452
Philippe Morenvillier,UMP,Assemblée nationale,60440
Christian Paul,SRC,Assemblée nationale,60435
Bertrand Pancher,UDI,Assemblée nationale,60296
Aurélie Filippetti,SRC,Assemblée nationale,60230
Georges Siffredi,UMP,Assemblée nationale,60209
Philippe Bas,UMP,Sénat,60102
Philippe Le Ray,UMP,Assemblée nationale,60000
Paul Vergès,CRC,Sénat,60000
Mathieu Hanotin,SRC,Assemblée nationale,60000
Michel Zumkeller,UDI,Assemblée nationale,59729
Laurent Furst,UMP,Assemblée nationale,59400
Marc-Philippe Daubresse,UMP,Assemblée nationale,59000
Boinali Said,SRC,Assemblée nationale,59000
Monique Iborra,SRC,Assemblée nationale,58780
Bernard Lesterlin,SRC,Assemblée nationale,58468
Philippe Folliot,UDI,Assemblée nationale,58365
Gilbert Collard,NI,Assemblée nationale,58297
Christiane Longère,UMP,Sénat,58002
Jean-Luc Moudenc,UMP,Assemblée nationale,58000
Arnaud Richard,UDI,Assemblée nationale,58000
Serge Janquin,SRC,Assemblée nationale,57993
Thierry Mandon,SRC,Assemblée nationale,57660
Bernard Piras,SOC,Sénat,57000
Martine Faure,SRC,Assemblée nationale,56926
Michel Lefait,SRC,Assemblée nationale,56142
Alain Néri,SRC,Assemblée nationale,56126
Jean-Pierre Fougerat,SRC,Assemblée nationale,56000
Jean-Louis Lorrain,UMP,Sénat,56000
Philippe Duron,SRC,Assemblée nationale,55815
Christian Bourquin,RDSE,Sénat,55700
François Baroin,UMP,Assemblée nationale,55490
Frédéric Reiss,UMP,Assemblée nationale,55041
Régis Juanico,SRC,Assemblée nationale,55000
Paul Giacobbi,RRDP,Assemblée nationale,55000
Olivier Faure,SRC,Assemblée nationale,55000
Jean-Marie Le Guen,SRC,Assemblée nationale,55000
Olivier Dussopt,SRC,Assemblée nationale,54527
Nicolas Dupont-Aignan,NI,Assemblée nationale,54500
Serge Lagauche,SOCV,Sénat,54496
Vincent Descoeur,UMP,Assemblée nationale,54476
Christian Gaudin,UC,Sénat,54448
Jean Grellier,SRC,Assemblée nationale,54316
Jean François-Poncet,UMP,Sénat,54254
Claudine Schmid,UMP,Assemblée nationale,53700
Catherine Coutelle,SRC,Assemblée nationale,53607
Alain Vidalies,SRC,Assemblée nationale,53595
Jean-Louis Idiart,SRC,Assemblée nationale,53553
Serge Letchimy,SRC,Assemblée nationale,53250
Alain Suguenot,UMP,Assemblée nationale,53243
Bernard Cazeneuve,SRC,Assemblée nationale,53201
Claude Biwer,UC,Sénat,53171
Olivier Véran,SRC,Assemblée nationale,53000
Jean-Pierre Vigier,UMP,Assemblée nationale,53000
Jean Gaubert,SRC,Assemblée nationale,52958
Louis Guédon,UMP,Assemblée nationale,52925
Didier Borotra,UC,Sénat,52785
Jean-Sébastien Vialatte,UMP,Assemblée nationale,52600
Isabelle Debré,UMP,Sénat,52598
Étienne Mourrut,UMP,Assemblée nationale,52525
Christine Marin,UMP,Assemblée nationale,52482
Martine Lignières-Cassou,SRC,Assemblée nationale,52031
Guy Delcourt,SRC,Assemblée nationale,51633
Jean-Claude Sandrier,GDR,Assemblée nationale,51564
Louis Nègre,UMP,Sénat,51548
Georges Tron,UMP,Assemblée nationale,51547
Jean-Claude Perez,SRC,Assemblée nationale,51423
Jean Lassalle,NI,Assemblée nationale,51277
Dominique Raimbourg,SRC,Assemblée nationale,51055
Richard Tuheiava,SOC,Sénat,51000
Laurence Rossignol,SOC,Sénat,50752
Michel Issindou,SRC,Assemblée nationale,50644
Patrick Lebreton,SRC,Assemblée nationale,50539
Frédéric Lefebvre,UMP,Assemblée nationale,50500
Jean-Pierre Dufau,SRC,Assemblée nationale,50396
Jérôme Guedj,SRC,Assemblée nationale,50000
Jacques Le Guen,UMP,Assemblée nationale,50000
Jacqueline Farreyrol,UMP,Sénat,50000
Chantal Berthelot,SRC,Assemblée nationale,50000
Adrien Giraud,UC,Sénat,50000
David Vergé,SRC,Assemblée nationale,49855
Jean-Pierre Godefroy,SOC,Sénat,49625
René Dosière,SRC,Assemblée nationale,49505
Jean-Claude Lenoir,UMP,Sénat,49407
Michèle Alliot-Marie,UMP,Assemblée nationale,49100
Paul Blanc,UMP,Sénat,49082
Yves Bur,UMP,Assemblée nationale,49068
Sébastien Denaja,SRC,Assemblée nationale,49051
Jean Milhau,RDSE,Sénat,48828
François Grosdidier,UMP,Sénat,48554
Bernadette Bourzai,SOC,Sénat,48025
Joël Labbé,ECO,Sénat,48000
Charles-Ange Ginesy,UMP,Assemblée nationale,47984
Joël Guerriau,UDI,Sénat,47928
Pascale Got,SRC,Assemblée nationale,47163
Patrice Prat,SRC,Assemblée nationale,47000
Michel Pajon,SRC,Assemblée nationale,46556
Jean-Jacques Urvoas,SRC,Assemblée nationale,46553
Edouard Philippe,UMP,Assemblée nationale,46500
Marie-Françoise Clergeau,SRC,Assemblée nationale,46400
Sophie Delong,UMP,Assemblée nationale,46227
Bruno Gilles,UMP,Sénat,46110
Alain Dufaut,UMP,Sénat,46102
Guillaume Larrivé,UMP,Assemblée nationale,46000
Jean-Claude Thomas,UMP,Assemblée nationale,45979
Gérard Terrier,SRC,Assemblée nationale,45963
Valérie Létard,UDI,Sénat,45940
Éric Bocquet,CRC,Sénat,45855
Catherine Deroche,UMP,Sénat,45550
Élisabeth Guigou,SRC,Assemblée nationale,45500
Francis Delattre,UMP,Sénat,45464
Marie-Line Reynaud,SRC,Assemblée nationale,45322
Jean-Marie Bockel,UDI,Sénat,45000
Daniel Goldberg,SRC,Assemblée nationale,45000
Claire-Lise Campion,SOC,Sénat,45000
Arnaud Montebourg,SRC,Assemblée nationale,44954
Christophe Béchu,UMP,Sénat,44898
Jack Lang,SRC,Assemblée nationale,44842
Yann Galut,SRC,Assemblée nationale,44756
Dominique Le Mèner,UMP,Assemblée nationale,44540
Françoise Briand,UMP,Assemblée nationale,44508
Jacques Grosperrin,UMP,Assemblée nationale,44290
Jean-David Ciot,SRC,Assemblée nationale,44000
Jean-Michel Clément,SRC,Assemblée nationale,43328
Marie-Hélène Amiable,GDR,Assemblée nationale,42857
Jacqueline Maquet,SRC,Assemblée nationale,42824
Henri Tandonnet,UDI,Sénat,42720
Cécile Dumoulin,UMP,Assemblée nationale,42680
Valérie Corre,SRC,Assemblée nationale,42600
Sylvie Pichot,SRC,Assemblée nationale,42259
Erwann Binet,SRC,Assemblée nationale,42000
Christian Assaf,SRC,Assemblée nationale,42000
Jean-Pierre Chauveau,UMP,Sénat,41931
Jean-Claude Danglot,CRC,Sénat,41863
Colette Langlade,SRC,Assemblée nationale,41132
Christian Bataille,SRC,Assemblée nationale,41078
Jean-Yves Caullet,SRC,Assemblée nationale,41000
Jacques Myard,UMP,Assemblée nationale,41000
Pascal Clément,UMP,Assemblée nationale,40665
Jean-Claude Viollet,SRC,Assemblée nationale,40591
Annick Le Loch,SRC,Assemblée nationale,40436
Josette Pons,UMP,Assemblée nationale,40231
Jean-Louis Bernard,UMP,Assemblée nationale,40161
Alain Tourret,RRDP,Assemblée nationale,40136
Marie-Noëlle Lienemann,SOC,Sénat,40000
Alexis Bachelay,SRC,Assemblée nationale,40000
Guy Lefrand,UMP,Assemblée nationale,39967
Marc Goua,SRC,Assemblée nationale,39870
Bernadette Laclais,SRC,Assemblée nationale,39827
Fabienne Labrette-Ménager,UMP,Assemblée nationale,39528
Chantal Bourragué,UMP,Assemblée nationale,39349
Marylise Lebranchu,SRC,Assemblée nationale,39204
Nathalie Kosciusko-Morizet,UMP,Assemblée nationale,39121
Roger Besse,UMP,Sénat,39070
Yanick Paternotte,UMP,Assemblée nationale,39052
Joëlle Huillier,SRC,Assemblée nationale,39000
Christian Franqueville,SRC,Assemblée nationale,39000
Groupe UMP,UMP,Assemblée nationale,38989
Françoise Férat,UDI,Sénat,38700
Vincent Capo-Canellas,UDI,Sénat,38595
Pierre-Yves Collombat,RDSE,Sénat,38576
David Douillet,UMP,Assemblée nationale,38500
Françoise Hostalier,UMP,Assemblée nationale,38132
Michel Françaix,SRC,Assemblée nationale,38003
René Vandierendonck,SOC,Sénat,38000
Sylvia Pinel,RRDP,Assemblée nationale,37692
Maxime Gremetz,NI,Assemblée nationale,37338
Marie-Hélène Fabre,SRC,Assemblée nationale,37000
Florent Boudié,SRC,Assemblée nationale,36930
Chantal Robin-Rodrigo,SRC,Assemblée nationale,36893
Kheira Bouziane,SRC,Assemblée nationale,36890
François Deluga,SRC,Assemblée nationale,36409
Martine Pinville,SRC,Assemblée nationale,36124
Ségolène Neuville,SRC,Assemblée nationale,36000
François Brottes,SRC,Assemblée nationale,35879
Sophie Primas,UMP,Assemblée nationale,35826
Jean-Claude Etienne,UMP,Sénat,35578
Nathalie Nieson,SRC,Assemblée nationale,35355
Pascal Terrasse,SRC,Assemblée nationale,35325
Jean-Jacques Lasserre,UDI,Sénat,35319
Roland Courteau,SOC,Sénat,35000
Pierre Gosnat,GDR,Assemblée nationale,35000
Marie-Françoise Bechtel,SRC,Assemblée nationale,35000
Jean-Philippe Nilor,GDR,Assemblée nationale,35000
Jacques Cornano,SOC,Sénat,35000
Gabriel Serville,GDR,Assemblée nationale,35000
François Asensi,GDR,Assemblée nationale,35000
Claude Bodin,UMP,Assemblée nationale,34955
Corinne Bouchoux,ECO,Sénat,34910
Guy Chambefort,SRC,Assemblée nationale,34908
Michel Ménard,SRC,Assemblée nationale,34391
Danielle Auroi,ECOLO,Assemblée nationale,34000
DEPREZ Léonce,11ème législature (2002-2007),Assemblée nationale,33918
Laurent Grandguillaume,SRC,Assemblée nationale,33726
Frédéric Roig,SRC,Assemblée nationale,33570
Jean-Marie Morisset,UMP,Assemblée nationale,33366
Marietta Karamanli,SRC,Assemblée nationale,33344
Sophie Rohfritsch,UMP,Assemblée nationale,33000
Jacques Alain Bénisti,UMP,Assemblée nationale,33000
Gélita Hoarau,CRC,Sénat,32642
Stéphane Mazars,RDSE,Sénat,32500
Éric Doligé,UMP,Sénat,32378
Jacqueline Fraysse,GDR,Assemblée nationale,32300
Henriette Martinez,UMP,Assemblée nationale,32143
Yves Foulon,UMP,Assemblée nationale,32000
de PERETTI Jean-Jacques,,Sénat,32000
Barbara Romagnan,SRC,Assemblée nationale,32000
Frédéric Cuvillier,SRC,Assemblée nationale,31989
Ivan Renar,CRC,Sénat,31898
Kléber Mesquida,SRC,Assemblée nationale,31666
Maryvonne Blondin,SOC,Sénat,31617
Laurent Baumel,SRC,Assemblée nationale,31576
Richard Ferrand,SRC,Assemblée nationale,31224
Dominique Le Sourd,UMP,Assemblée nationale,31171
Elisabeth Pochon,SRC,Assemblée nationale,31000
Jean-René Marsac,SRC,Assemblée nationale,30968
Karine Berger,SRC,Assemblée nationale,30950
Marie-Lou Marcel,SRC,Assemblée nationale,30903
Paul Girod,UMP,Sénat,30815
Philippe Martin,SRC,Assemblée nationale,30706
Dominique Leclerc,UMP,Sénat,30598
Jean-Luc Pérat,SRC,Assemblée nationale,30520
Nicolas Sansu,GDR,Assemblée nationale,30423
André Lardeux,UMP,Sénat,30303
Fabrice Verdier,SRC,Assemblée nationale,30289
François Loncle,SRC,Assemblée nationale,30013
Olivier Falorni,RRDP,Assemblée nationale,30000
Nicole Bonnefoy,SOC,Sénat,30000
Luc Belot,SRC,Assemblée nationale,30000
Gérard Sebaoun,SRC,Assemblée nationale,30000
Dominique Gillot,SOC,Sénat,30000
Christiane Demontès,SOC,Sénat,30000
Ary Chalus,RRDP,Assemblée nationale,30000
Gaëtan Gorce,SRC,Assemblée nationale,29600
François-Michel Lambert,ECOLO,Assemblée nationale,29500
Yves Goasdoue,SRC,Assemblée nationale,29464
Raymond Durand,NC,Assemblée nationale,29457
Jean Michel,SRC,Assemblée nationale,29192
Philippe Nauche,SRC,Assemblée nationale,29092
Gilbert Le Bris,SRC,Assemblée nationale,28773
Sandrine Hurel,SRC,Assemblée nationale,28733
Corinne Erhel,SRC,Assemblée nationale,28506
Michel Lezeau,UMP,Assemblée nationale,28500
Philippe Richert,UMP,Sénat,28421
Jean-Noël Carpentier,RRDP,Assemblée nationale,27986
Dominique Braye,UMP,Sénat,27882
Marie-Renée Oget,SRC,Assemblée nationale,27478
Dominique Baert,SRC,Assemblée nationale,27353
Yves Daniel,SRC,Assemblée nationale,27341
Dominique Orliac,RRDP,Assemblée nationale,27209
Gilbert Sauvan,SRC,Assemblée nationale,27000
Simon Sutour,SOC,Sénat,26929
Lucette Lousteau,SRC,Assemblée nationale,26818
Bernard Carayon,UMP,Assemblée nationale,26632
Odile Saugues,SRC,Assemblée nationale,26508
Jean-Luc Fichet,SOC,Sénat,26318
Jean Roatta,UMP,Assemblée nationale,26093
Catherine Génisson,SRC,Assemblée nationale,26023
Henri Guaino,UMP,Assemblée nationale,26000
Eduardo Rihan Cypel,SRC,Assemblée nationale,26000
Arnaud Robinet,UMP,Assemblée nationale,25734
Jean-Claude Buisine,SRC,Assemblée nationale,25500
Pierre Cohen,SRC,Assemblée nationale,25425
François Pupponi,SRC,Assemblée nationale,25392
Jean-Luc Laurent,SRC,Assemblée nationale,25000
Albert Facon,SRC,Assemblée nationale,24753
Claude Bérit-Débat,SOC,Sénat,24733
Jean-Claude Requier,RDSE,Sénat,24562
Pierre Aylagas,SRC,Assemblée nationale,24500
Jean-Noël Cardoux,UMP,Sénat,24339
Paul Salen,UMP,Assemblée nationale,24320
Jean-Marie Tetart,UMP,Assemblée nationale,24000
Jean-Yves Bony,UMP,Assemblée nationale,23981
Bernadette Dupont,UMP,Sénat,23919
Daniel Boisserie,SRC,Assemblée nationale,23614
Jean-Paul Dupré,SRC,Assemblée nationale,23457
Francis Vercamer,UDI,Assemblée nationale,23450
André Vallini,SRC,Assemblée nationale,23205
Valérie Fourneyron,SRC,Assemblée nationale,23082
Jacques Bompard,NI,Assemblée nationale,23000
Catherine Troallic,SRC,Assemblée nationale,23000
Jean-Pierre Allossery,SRC,Assemblée nationale,22962
Jacqueline Panis,UMP,Sénat,22950
Jean Mallot,SRC,Assemblée nationale,22929
Clotilde Valter,SRC,Assemblée nationale,22883
Maxime Bono,SRC,Assemblée nationale,22665
Audrey Linkenheld,SRC,Assemblée nationale,22500
Sabine Buis,SRC,Assemblée nationale,22408
Jean-Claude Leroy,SRC,Assemblée nationale,22174
Valérie Rosso-Debord,UMP,Assemblée nationale,22157
Maud Olivier,SRC,Assemblée nationale,22000
Marion Maréchal-Le Pen,NI,Assemblée nationale,22000
Thomas Thévenoud,NI,Assemblée nationale,21800
Véronique Louwagie,UMP,Assemblée nationale,21790
William Dumas,SRC,Assemblée nationale,21757
CHAMARD Jean-Yves,11ème législature (2002-2007),Assemblée nationale,21678
Jean-Pierre Leleux,UMP,Sénat,21461
Jean-Paul Lecoq,GDR,Assemblée nationale,21240
Christine Pires Beaune,SRC,Assemblée nationale,21182
Gisèle Biémouret,SRC,Assemblée nationale,21102
Yann Capet,SRC,Assemblée nationale,21100
Vincent Burroni,SRC,Assemblée nationale,21000
Philippe Noguès,SRC,Assemblée nationale,21000
Patrick Vignal,SRC,Assemblée nationale,21000
Chaynesse Khirouni,SRC,Assemblée nationale,21000
Jean-Marie Beffara,SRC,Assemblée nationale,20813
Jean-Luc Bleunven,SRC,Assemblée nationale,20500
Olivier Jardé,NC,Assemblée nationale,20360
Bruno Le Maire,UMP,Assemblée nationale,20289
Gilbert Mathon,SRC,Assemblée nationale,20265
Marc Vampa,NC,Assemblée nationale,20203
Jean Marsaudon,UMP,Assemblée nationale,20070
Rémi Pauvros,SRC,Assemblée nationale,20000
Pierre Léautey,SRC,Assemblée nationale,20000
Monique Rabin,SRC,Assemblée nationale,20000
Luc Carvounas,SOC,Sénat,20000
Linda Gourjade,SRC,Assemblée nationale,20000
Jean-Jacques Mirassou,SOC,Sénat,20000
Ibrahim Aboubacar,SRC,Assemblée nationale,20000
Fanny Dombre Coste,SRC,Assemblée nationale,20000
Christian Demuynck,UMP,Sénat,20000
Chantal Guittet,SRC,Assemblée nationale,20000
Annie Le Houerou,SRC,Assemblée nationale,20000
Thierry Repentin,SOC,Sénat,19812
Yvan Lachaud,NC,Assemblée nationale,19676
Mireille Oudit,UMP,Sénat,19096
Estelle Grelier,SRC,Assemblée nationale,19000
Joaquim Pueyo,SRC,Assemblée nationale,18833
Geneviève Fioraso,SRC,Assemblée nationale,18655
Jean-Pierre Kucheida,SRC,Assemblée nationale,18624
Yannick Texier,UMP,Sénat,18528
Jean-Louis Destans,SRC,Assemblée nationale,18371
Édouard Fritch,UDI,Assemblée nationale,18323
Odette Duriez,SRC,Assemblée nationale,18026
Patrick Hetzel,UMP,Assemblée nationale,18000
Edith Gueugneau,SRC,Assemblée nationale,18000
AUBERGER Philippe,11ème législature (2002-2007),Assemblée nationale,17994
Philippe Tourtelier,SRC,Assemblée nationale,17805
Arlette Franco,UMP,Assemblée nationale,17629
Stéphane Travert,SRC,Assemblée nationale,17500
Samia Ghali,SOC,Sénat,17500
Jeanine Dubié,RRDP,Assemblée nationale,17500
Roger-Gérard Schwartzenberg,RRDP,Assemblée nationale,17210
Didier Mathus,SRC,Assemblée nationale,17195
Jean-Pierre Le Roch,SRC,Assemblée nationale,17000
Dominique Potier,SRC,Assemblée nationale,17000
Béatrice Santais,SRC,Assemblée nationale,17000
François Vendasi,RDSE,Sénat,16884
Françoise Dumas,SRC,Assemblée nationale,16860
Jean-Frédéric Poisson,UMP,Assemblée nationale,16768
Didier Robert,UMP,Assemblée nationale,16768
Michel Lesage,SRC,Assemblée nationale,16677
Frédéric Barbier,SRC,Assemblée nationale,16600
Henri Nayrou,SRC,Assemblée nationale,16439
Olivier Audibert Troin,UMP,Assemblée nationale,16000
Jean-Jacques Filleul,SOC,Sénat,16000
Sophie Primas,UMP,Sénat,15680
Claude Léonard,UMP,Sénat,15494
Delphine Batho,SRC,Assemblée nationale,15402
Alain Gérard,UMP,Sénat,15396
Pascale Boistard,SRC,Assemblée nationale,15235
Conchita Lacuey,SRC,Assemblée nationale,15103
Stéphane Saint-André,RRDP,Assemblée nationale,15000
Pascal Popelin,SRC,Assemblée nationale,15000
Paola Zanetti,SRC,Assemblée nationale,15000
Michel Sapin,SRC,Assemblée nationale,15000
Meyer Habib,UDI,Assemblée nationale,15000
Gwenegan Bui,SRC,Assemblée nationale,15000
Groupe écologiste, ECOLO,Sénat,15000
Félix Desplan,SOC,Sénat,15000
Christian Blanc,NC,Assemblée nationale,15000
Carlos Da Silva,SRC,Assemblée nationale,15000
Alain Fauconnier,SOC,Sénat,15000
Alain Le Vern,SOC,Sénat,14787
Jean-Louis Bianco,SRC,Assemblée nationale,14522
Lucienne Malovry,UMP,Sénat,14515
Jacques Bascou,SRC,Assemblée nationale,14513
Josette Durrieu,SOC,Sénat,14500
Christophe Borgel,SRC,Assemblée nationale,14500
Françoise Laurent-Perrigot,SOC,Sénat,14458
Jean-Jacques Cottel,SRC,Assemblée nationale,14137
Isabelle Attard,ECOLO,Assemblée nationale,14074
Brigitte Bourguignon,SRC,Assemblée nationale,14000
Philippe Vuilque,SRC,Assemblée nationale,13711
Carole Delga,SRC,Assemblée nationale,13642
Patricia Schillinger,SOC,Sénat,13500
Christophe Bouillon,SRC,Assemblée nationale,13500
Philippe Kaltenbach,SOC,Sénat,13000
Gilles Lurton,UMP,Assemblée nationale,13000
LEMOINE Jean-Claude,11ème législature (2002-2007),Assemblée nationale,12750
Christophe Castaner,SRC,Assemblée nationale,12710
Henri Torre,UMP,Sénat,12366
Guillaume Garot,SRC,Assemblée nationale,12287
Christian Vanneste,UMP,Assemblée nationale,12255
Yves Durand,SRC,Assemblée nationale,12000
Virginie Duby-Muller,UMP,Assemblée nationale,12000
Thierry Robert,RRDP,Assemblée nationale,12000
Laurent Kalinowski,SRC,Assemblée nationale,12000
André Vairetto,SOC,Sénat,12000
Alain Anziani,SOC,Sénat,12000
SIMON Yves,11ème législature (2002-2007),Assemblée nationale,11570
Dominique Chauvel,SRC,Assemblée nationale,11525
Béatrice Descamps,UMP,Sénat,11400
Pierre Bourguignon,SRC,Assemblée nationale,11202
Georges Mouly,RDSE,Sénat,11138
Guillaume Bachelay,SRC,Assemblée nationale,11000
LEMIERE Jean,11ème législature (2002-2007),Assemblée nationale,10993
Jean-Pierre Barbier,UMP,Assemblée nationale,10400
Annie Genevard,UMP,Assemblée nationale,10258
Yves Dauge,SOCV,Sénat,10000
Sylvie Tolmont,SRC,Assemblée nationale,10000
Serge Bardy,SRC,Assemblée nationale,10000
Paul Molac,ECOLO,Assemblée nationale,10000
Marie Récalde,SRC,Assemblée nationale,10000
Jean-Christophe Fromantin,UDI,Assemblée nationale,10000
Isabelle Bruneau,SRC,Assemblée nationale,10000
Hugues Fourage,SRC,Assemblée nationale,10000
Hélène Vainqueur-Christophe,SRC,Assemblée nationale,10000
Georges Patient,SOC,Sénat,10000
François Lamy,SRC,Assemblée nationale,10000
Émilienne Poumirol,SRC,Assemblée nationale,10000
Emeric Bréhier,SRC,Assemblée nationale,10000
Elie Brun,UMP,Sénat,10000
Dominique Watrin,CRC,Sénat,10000
Dominique Bailly,SOC,Sénat,10000
Catherine Beaubatie,SRC,Assemblée nationale,10000
Nathalie Appéré,SRC,Assemblée nationale,9852
Michel Buillard,UMP,Assemblée nationale,9370
Alain Lambert,UMP,Sénat,9215
Michel Teston,SOC,Sénat,9210
Joseph Bossé,UMP,Assemblée nationale,9046
Cécile Untermaier,SRC,Assemblée nationale,9000
Richard Mallié,UMP,Assemblée nationale,8843
Sylviane Bulteau,SRC,Assemblée nationale,8823
Gilles Cocquempot,SRC,Assemblée nationale,8669
Alain Rodet,SRC,Assemblée nationale,8569
Nadine Morano,UMP,Assemblée nationale,8400
Anne-Marie Escoffier,RDSE,Sénat,8199
Valérie Rabault,SRC,Assemblée nationale,8000
Philippe Baumel,SRC,Assemblée nationale,8000
Olivier Marleix,UMP,Assemblée nationale,8000
DEFONTAINE Jean-Pierre,11ème législature (2002-2007),Assemblée nationale,7809
Henri de Richemont,UMP,Sénat,7800
REGERE Jean-François,11ème législature (2002-2007),Assemblée nationale,7526
Victorin Lurel,SRC,Assemblée nationale,7500
Robert Navarro,SOC,Sénat,7500
Claude Darciaux,SRC,Assemblée nationale,7371
Roland Ries,SOC,Sénat,7000
Françoise Dubois,SRC,Assemblée nationale,7000
Philippe Nogrix,UC,Sénat,6927
Jacques Krabal,RRDP,Assemblée nationale,6787
Sophie Dessus,SRC,Assemblée nationale,6607
Dominique Lefebvre,SRC,Assemblée nationale,6500
Denys Robiliard,SRC,Assemblée nationale,6433
Alfred Marie-Jeanne,GDR,Assemblée nationale,6416
Benoist Apparu,UMP,Assemblée nationale,6412
Groupe GDR,GDR,Assemblée nationale,6400
Marie-Claude Marchand,SRC,Assemblée nationale,6000
Jacques Berthou,SOC,Sénat,6000
Gilles Savary,SRC,Assemblée nationale,6000
Alain Leboeuf,UMP,Assemblée nationale,6000
Cécile Cukierman,CRC,Sénat,5921
Jean-Paul Bacquet,SRC,Assemblée nationale,5741
Nathalie Chabanne,SRC,Assemblée nationale,5704
BRIAT Jacques,11ème législature (2002-2007),Assemblée nationale,5655
Julie Sommaruga,SRC,Assemblée nationale,5500
Sophie Joissains,UMP,Sénat,5480
Christiane Taubira,SRC,Assemblée nationale,5470
Jean-Louis Bricout,SRC,Assemblée nationale,5454
QUILES Paul,11ème législature (2002-2007),Assemblée nationale,5302
Alfred Trassy-Paillogues,UMP,Assemblée nationale,5044
Yannick Moreau,UMP,Assemblée nationale,5000
Michel Le Scouarnec,CRC,Sénat,5000
Michel Delebarre,SOC,Sénat,5000
Marie-Anne Chapdelaine,SRC,Assemblée nationale,5000
Jean-Pierre Blazy,SRC,Assemblée nationale,5000
Jean-Marc Germain,SRC,Assemblée nationale,5000
Jacqueline Alquier,SOC,Sénat,5000
Hélène Masson-Maret,UMP,Sénat,5000
Pierre Bédier,UMP,Assemblée nationale,4919
François Patriat,SOC,Sénat,4744
Jean-Louis Costes,UMP,Assemblée nationale,4500
Guillaume Chevrollier,UMP,Assemblée nationale,4500
Alain Chrétien,UMP,Assemblée nationale,4500
René Teulade,SOC,Sénat,4000
Rachel Mazuir,SOC,Sénat,4000
Michel Thiollière,UMP,Sénat,4000
Laurent Marcangeli,UMP,Assemblée nationale,4000
Colette Capdevielle,SRC,Assemblée nationale,4000
Viviane Le Dissez,SRC,Assemblée nationale,3651
Danielle Bousquet,SRC,Assemblée nationale,3208
Henri Cuq,UMP,Assemblée nationale,3100
Valérie Lacroute,UMP,Assemblée nationale,3000
Odette Duriez,SOC,Sénat,3000
Michel Vergoz,SOC,Sénat,3000
Jean-Claude Mignon,UMP,Assemblée nationale,3000
Claude de Ganay,UMP,Assemblée nationale,3000
Huguette Bello,GDR,Assemblée nationale,2830
Cécile Gallez,UMP,Assemblée nationale,2803
LE BRETHON Brigitte,11ème législature (2002-2007),Assemblée nationale,2707
GAILLARD Claude,11ème législature (2002-2007),Assemblée nationale,2625
Sandrine Doucet,SRC,Assemblée nationale,2500
Bernard Murat,UMP,Sénat,2500
Henri de Raincourt,UMP,Sénat,2326
Louis-Joseph Manscour,SRC,Assemblée nationale,2250
André Vallet,UC,Sénat,2238
Dominique Mortemousque,UMP,Sénat,2100
Sylviane Alaux,SRC,Assemblée nationale,2000
René Vestri,UMP,Sénat,1900
Patrick Roy,SRC,Assemblée nationale,1850
FENEUIL Philippe,11ème législature (2002-2007),Assemblée nationale,1747
Marie-Agnès Labarre,CRC,Sénat,1634
Gabriel Biancheri,UMP,Assemblée nationale,1495
José Balarello,UMP,Sénat,1005
Jacques Moignard,RRDP,Assemblée nationale,1000
THOMAS Rodolphe,11ème législature (2002-2007),Assemblée nationale,757
Alain Calmette,SRC,Assemblée nationale,750
RAMONET Marcelle,11ème législature (2002-2007),Assemblée nationale,694
Jacques Chaumont,UMP,Sénat,461
SOULIER Frédéric,11ème législature (2002-2007),Assemblée nationale,345
GODFRAIN Jacques,11ème législature (2002-2007),Assemblée nationale,296
Jean-Jacques Lozach,SOC,Sénat,256
